"Especie","Media.diam","Sd.diam","Media.alt","Sd.alt"
"1","C",14.9363636363636,3.19903935797183,12.9236363636364,2.92397567811939
"2","F",16.7,2.6035478752006,15.6164285714286,2.29943674421788
"3","H",16.2357142857143,3.68815299675495,13.8721428571429,2.82458759024128
